{
  "App": {
    "OutputDirectory": "./output",
    "WorkingDirectory": "./working",
    "SyncHistoryDbPath": "./syncHistory.json",
    "EnablePolling": true,
    "PollingIntervalSeconds": 86400,
    "PythonAndGUploadInstalled": true
  },

  "Format": {
    "Fit": true,
    "Json": false,
    "Tcx": false,
    "SaveLocalCopy": false
  },

  "Peloton": {
    "Email": "peloton@gmail.com",
    "Password": "peloton",
    "NumWorkoutsToDownload": 1,
    "ExcludeWorkoutTypes": [ "meditation" ]
  },

  "Garmin": {
    "Email": "garmin@gmail.com",
    "Password": "garmin",
    "Upload": false,
    "FormatToUpload": "fit"
  },

  "Observability": {

    "Prometheus": {
      "Enabled": false,
      "Port": 4000
    },

    "Jaeger": {
      "Enabled": false,
      "AgentHost": "localhost",
      "AgentPort": 6831
    },

    "Serilog": {
      "Using": [ "Serilog.Sinks.Console", "Serilog.Sinks.File"],
      "MinimumLevel": "Information",
      "WriteTo": [
        { "Name": "Console" },
        {
          "Name": "File",
          "Args": {
            "path": "./output/log.txt",
            "rollingInterval": "Day",
            "retainedFileCountLimit": 7
          }
        }
      ]
    }
  }
}